id,valeur_NO2,valeur_CO,valeur_O3,valeur_PM10,valeur_PM25
2024-09-03 23,21.83152756406855,0.200710210104701,50.57434860290834,18.22152317880795,11.051160714285714
2024-09-04 00,21.83152756406855,0.200710210104701,50.57434860290834,18.22152317880795,11.051160714285714
2024-09-04 01,21.83152756406855,0.200710210104701,50.57434860290834,18.22152317880795,11.051160714285714
2024-09-04 02,21.83152756406855,0.200710210104701,50.57434860290834,18.22152317880795,11.051160714285714
2024-09-04 03,21.83152756406855,0.200710210104701,50.57434860290834,18.22152317880795,11.051160714285714
2024-09-04 04,21.83152756406855,0.200710210104701,50.57434860290834,18.22152317880795,11.051160714285714
2024-09-04 05,21.83152756406855,0.200710210104701,50.57434860290834,18.22152317880795,11.051160714285714
2024-09-04 06,21.83152756406855,0.200710210104701,50.57434860290834,18.22152317880795,11.051160714285714
2024-09-04 07,21.83152756406855,0.200710210104701,50.57434860290834,18.22152317880795,11.051160714285714
2024-09-04 08,21.83152756406855,0.200710210104701,50.57434860290834,18.22152317880795,11.051160714285714
2024-09-04 09,21.83152756406855,0.200710210104701,50.57434860290834,18.22152317880795,11.051160714285714
2024-09-04 10,21.83152756406855,0.200710210104701,50.57434860290834,18.22152317880795,11.051160714285714
2024-09-04 11,21.83152756406855,0.200710210104701,50.57434860290834,18.22152317880795,11.051160714285714
2024-09-04 12,21.83152756406855,0.200710210104701,50.57434860290834,18.22152317880795,11.051160714285714
2024-09-04 13,21.83152756406855,0.200710210104701,50.57434860290834,18.22152317880795,11.051160714285714
2024-09-04 14,21.83152756406855,0.200710210104701,50.57434860290834,18.22152317880795,11.051160714285714
2024-09-04 15,21.83152756406855,0.200710210104701,50.57434860290834,18.22152317880795,11.051160714285714
2024-09-04 16,21.83152756406855,0.200710210104701,50.57434860290834,18.22152317880795,11.051160714285714
2024-09-04 17,21.83152756406855,0.200710210104701,50.57434860290834,18.22152317880795,11.051160714285714
2024-09-04 18,21.83152756406855,0.200710210104701,50.57434860290834,18.22152317880795,11.051160714285714
2024-09-04 19,21.83152756406855,0.200710210104701,50.57434860290834,18.22152317880795,11.051160714285714
2024-09-04 20,21.83152756406855,0.200710210104701,50.57434860290834,18.22152317880795,11.051160714285714
2024-09-04 21,21.83152756406855,0.200710210104701,50.57434860290834,18.22152317880795,11.051160714285714
2024-09-04 22,21.83152756406855,0.200710210104701,50.57434860290834,18.22152317880795,11.051160714285714
2024-09-04 23,21.83152756406855,0.200710210104701,50.57434860290834,18.22152317880795,11.051160714285714
2024-09-05 00,21.83152756406855,0.200710210104701,50.57434860290834,18.22152317880795,11.051160714285714
2024-09-05 01,21.83152756406855,0.200710210104701,50.57434860290834,18.22152317880795,11.051160714285714
2024-09-05 02,21.83152756406855,0.200710210104701,50.57434860290834,18.22152317880795,11.051160714285714
2024-09-05 03,21.83152756406855,0.200710210104701,50.57434860290834,18.22152317880795,11.051160714285714
2024-09-05 04,21.83152756406855,0.200710210104701,50.57434860290834,18.22152317880795,11.051160714285714
2024-09-05 05,21.83152756406855,0.200710210104701,50.57434860290834,18.22152317880795,11.051160714285714
2024-09-05 06,21.83152756406855,0.200710210104701,50.57434860290834,18.22152317880795,11.051160714285714
2024-09-05 07,21.83152756406855,0.200710210104701,50.57434860290834,18.22152317880795,11.051160714285714
2024-09-05 08,21.83152756406855,0.200710210104701,50.57434860290834,18.22152317880795,11.051160714285714
2024-09-05 09,21.83152756406855,0.200710210104701,50.57434860290834,18.22152317880795,11.051160714285714
2024-09-05 10,21.83152756406855,0.200710210104701,50.57434860290834,18.22152317880795,11.051160714285714
2024-09-05 11,21.83152756406855,0.200710210104701,50.57434860290834,18.22152317880795,11.051160714285714
2024-09-05 12,21.83152756406855,0.200710210104701,50.57434860290834,18.22152317880795,11.051160714285714
2024-09-05 13,21.83152756406855,0.200710210104701,50.57434860290834,18.22152317880795,11.051160714285714
2024-09-05 14,21.83152756406855,0.200710210104701,50.57434860290834,18.22152317880795,11.051160714285714
2024-09-05 15,21.83152756406855,0.200710210104701,50.57434860290834,18.22152317880795,11.051160714285714
2024-09-05 16,21.83152756406855,0.200710210104701,50.57434860290834,18.22152317880795,11.051160714285714
2024-09-05 17,21.83152756406855,0.200710210104701,50.57434860290834,18.22152317880795,11.051160714285714
2024-09-05 18,21.83152756406855,0.200710210104701,50.57434860290834,18.22152317880795,11.051160714285714
2024-09-05 19,21.83152756406855,0.200710210104701,50.57434860290834,18.22152317880795,11.051160714285714
2024-09-05 20,21.83152756406855,0.200710210104701,50.57434860290834,18.22152317880795,11.051160714285714
2024-09-05 21,21.83152756406855,0.200710210104701,50.57434860290834,18.22152317880795,11.051160714285714
2024-09-05 22,21.83152756406855,0.200710210104701,50.57434860290834,18.22152317880795,11.051160714285714
2024-09-05 23,21.83152756406855,0.200710210104701,50.57434860290834,18.22152317880795,11.051160714285714
2024-09-06 00,21.83152756406855,0.200710210104701,50.57434860290834,18.22152317880795,11.051160714285714
2024-09-06 01,21.83152756406855,0.200710210104701,50.57434860290834,18.22152317880795,11.051160714285714
2024-09-06 02,21.83152756406855,0.200710210104701,50.57434860290834,18.22152317880795,11.051160714285714
2024-09-06 03,21.83152756406855,0.200710210104701,50.57434860290834,18.22152317880795,11.051160714285714
2024-09-06 04,21.83152756406855,0.200710210104701,50.57434860290834,18.22152317880795,11.051160714285714
2024-09-06 05,21.83152756406855,0.200710210104701,50.57434860290834,18.22152317880795,11.051160714285714
2024-09-06 06,21.83152756406855,0.200710210104701,50.57434860290834,18.22152317880795,11.051160714285714
2024-09-06 07,21.83152756406855,0.200710210104701,50.57434860290834,18.22152317880795,11.051160714285714
2024-09-06 08,21.83152756406855,0.200710210104701,50.57434860290834,18.22152317880795,11.051160714285714
2024-09-06 09,21.83152756406855,0.200710210104701,50.57434860290834,18.22152317880795,11.051160714285714
2024-09-06 10,21.83152756406855,0.200710210104701,50.57434860290834,18.22152317880795,11.051160714285714
2024-09-06 11,21.83152756406855,0.200710210104701,50.57434860290834,18.22152317880795,11.051160714285714
2024-09-06 12,21.83152756406855,0.200710210104701,50.57434860290834,18.22152317880795,11.051160714285714
2024-09-06 13,21.83152756406855,0.200710210104701,50.57434860290834,18.22152317880795,11.051160714285714
2024-09-06 14,21.83152756406855,0.200710210104701,50.57434860290834,18.22152317880795,11.051160714285714
2024-09-06 15,21.83152756406855,0.200710210104701,50.57434860290834,18.22152317880795,11.051160714285714
2024-09-06 16,21.83152756406855,0.200710210104701,50.57434860290834,18.22152317880795,11.051160714285714
2024-09-06 17,21.83152756406855,0.200710210104701,50.57434860290834,18.22152317880795,11.051160714285714
2024-09-06 18,21.83152756406855,0.200710210104701,50.57434860290834,18.22152317880795,11.051160714285714
2024-09-06 19,21.83152756406855,0.200710210104701,50.57434860290834,18.22152317880795,11.051160714285714
2024-09-06 20,21.83152756406855,0.200710210104701,50.57434860290834,18.22152317880795,11.051160714285714
2024-09-06 21,21.83152756406855,0.200710210104701,50.57434860290834,18.22152317880795,11.051160714285714
2024-09-06 22,21.83152756406855,0.200710210104701,50.57434860290834,18.22152317880795,11.051160714285714
2024-09-06 23,21.83152756406855,0.200710210104701,50.57434860290834,18.22152317880795,11.051160714285714
2024-09-07 00,21.83152756406855,0.200710210104701,50.57434860290834,18.22152317880795,11.051160714285714
2024-09-07 01,21.83152756406855,0.200710210104701,50.57434860290834,18.22152317880795,11.051160714285714
2024-09-07 02,21.83152756406855,0.200710210104701,50.57434860290834,18.22152317880795,11.051160714285714
2024-09-07 03,21.83152756406855,0.200710210104701,50.57434860290834,18.22152317880795,11.051160714285714
2024-09-07 04,21.83152756406855,0.200710210104701,50.57434860290834,18.22152317880795,11.051160714285714
2024-09-07 05,21.83152756406855,0.200710210104701,50.57434860290834,18.22152317880795,11.051160714285714
2024-09-07 06,21.83152756406855,0.200710210104701,50.57434860290834,18.22152317880795,11.051160714285714
2024-09-07 07,21.83152756406855,0.200710210104701,50.57434860290834,18.22152317880795,11.051160714285714
2024-09-07 08,21.83152756406855,0.200710210104701,50.57434860290834,18.22152317880795,11.051160714285714
2024-09-07 09,21.83152756406855,0.200710210104701,50.57434860290834,18.22152317880795,11.051160714285714
2024-09-07 10,21.83152756406855,0.200710210104701,50.57434860290834,18.22152317880795,11.051160714285714
2024-09-07 11,21.83152756406855,0.200710210104701,50.57434860290834,18.22152317880795,11.051160714285714
2024-09-07 12,21.83152756406855,0.200710210104701,50.57434860290834,18.22152317880795,11.051160714285714
2024-09-07 13,21.83152756406855,0.200710210104701,50.57434860290834,18.22152317880795,11.051160714285714
2024-09-07 14,21.83152756406855,0.200710210104701,50.57434860290834,18.22152317880795,11.051160714285714
2024-09-07 15,21.83152756406855,0.200710210104701,50.57434860290834,18.22152317880795,11.051160714285714
2024-09-07 16,21.83152756406855,0.200710210104701,50.57434860290834,18.22152317880795,11.051160714285714
2024-09-07 17,21.83152756406855,0.200710210104701,50.57434860290834,18.22152317880795,11.051160714285714
2024-09-07 18,21.83152756406855,0.200710210104701,50.57434860290834,18.22152317880795,11.051160714285714
2024-09-07 19,21.83152756406855,0.200710210104701,50.57434860290834,18.22152317880795,11.051160714285714
2024-09-07 20,21.83152756406855,0.200710210104701,50.57434860290834,18.22152317880795,11.051160714285714
2024-09-07 21,21.83152756406855,0.200710210104701,50.57434860290834,18.22152317880795,11.051160714285714
2024-09-07 22,21.83152756406855,0.200710210104701,50.57434860290834,18.22152317880795,11.051160714285714
2024-09-07 23,21.83152756406855,0.200710210104701,50.57434860290834,18.22152317880795,11.051160714285714
2024-09-08 00,21.83152756406855,0.200710210104701,50.57434860290834,18.22152317880795,11.051160714285714
2024-09-08 01,21.83152756406855,0.200710210104701,50.57434860290834,18.22152317880795,11.051160714285714
2024-09-08 02,21.83152756406855,0.200710210104701,50.57434860290834,18.22152317880795,11.051160714285714
2024-09-08 03,21.83152756406855,0.200710210104701,50.57434860290834,18.22152317880795,11.051160714285714
2024-09-08 04,21.83152756406855,0.200710210104701,50.57434860290834,18.22152317880795,11.051160714285714
2024-09-08 05,21.83152756406855,0.200710210104701,50.57434860290834,18.22152317880795,11.051160714285714
2024-09-08 06,21.83152756406855,0.200710210104701,50.57434860290834,18.22152317880795,11.051160714285714
2024-09-08 07,21.83152756406855,0.200710210104701,50.57434860290834,18.22152317880795,11.051160714285714
2024-09-08 08,21.83152756406855,0.200710210104701,50.57434860290834,18.22152317880795,11.051160714285714
2024-09-08 09,21.83152756406855,0.200710210104701,50.57434860290834,18.22152317880795,11.051160714285714
2024-09-08 10,21.83152756406855,0.200710210104701,50.57434860290834,18.22152317880795,11.051160714285714
2024-09-08 11,21.83152756406855,0.200710210104701,50.57434860290834,18.22152317880795,11.051160714285714
2024-09-08 12,21.83152756406855,0.200710210104701,50.57434860290834,18.22152317880795,11.051160714285714
2024-09-08 13,21.83152756406855,0.200710210104701,50.57434860290834,18.22152317880795,11.051160714285714
2024-09-08 14,21.83152756406855,0.200710210104701,50.57434860290834,18.22152317880795,11.051160714285714
2024-09-08 15,21.83152756406855,0.200710210104701,50.57434860290834,18.22152317880795,11.051160714285714
2024-09-08 16,21.83152756406855,0.200710210104701,50.57434860290834,18.22152317880795,11.051160714285714
2024-09-08 17,21.83152756406855,0.200710210104701,50.57434860290834,18.22152317880795,11.051160714285714
2024-09-08 18,21.83152756406855,0.200710210104701,50.57434860290834,18.22152317880795,11.051160714285714
2024-09-08 19,21.83152756406855,0.200710210104701,50.57434860290834,18.22152317880795,11.051160714285714
2024-09-08 20,21.83152756406855,0.200710210104701,50.57434860290834,18.22152317880795,11.051160714285714
2024-09-08 21,21.83152756406855,0.200710210104701,50.57434860290834,18.22152317880795,11.051160714285714
2024-09-08 22,21.83152756406855,0.200710210104701,50.57434860290834,18.22152317880795,11.051160714285714
2024-09-08 23,21.83152756406855,0.200710210104701,50.57434860290834,18.22152317880795,11.051160714285714
2024-09-09 00,21.83152756406855,0.200710210104701,50.57434860290834,18.22152317880795,11.051160714285714
2024-09-09 01,21.83152756406855,0.200710210104701,50.57434860290834,18.22152317880795,11.051160714285714
2024-09-09 02,21.83152756406855,0.200710210104701,50.57434860290834,18.22152317880795,11.051160714285714
2024-09-09 03,21.83152756406855,0.200710210104701,50.57434860290834,18.22152317880795,11.051160714285714
2024-09-09 04,21.83152756406855,0.200710210104701,50.57434860290834,18.22152317880795,11.051160714285714
2024-09-09 05,21.83152756406855,0.200710210104701,50.57434860290834,18.22152317880795,11.051160714285714
2024-09-09 06,21.83152756406855,0.200710210104701,50.57434860290834,18.22152317880795,11.051160714285714
2024-09-09 07,21.83152756406855,0.200710210104701,50.57434860290834,18.22152317880795,11.051160714285714
2024-09-09 08,21.83152756406855,0.200710210104701,50.57434860290834,18.22152317880795,11.051160714285714
2024-09-09 09,21.83152756406855,0.200710210104701,50.57434860290834,18.22152317880795,11.051160714285714
2024-09-09 10,21.83152756406855,0.200710210104701,50.57434860290834,18.22152317880795,11.051160714285714
2024-09-09 11,21.83152756406855,0.200710210104701,50.57434860290834,18.22152317880795,11.051160714285714
2024-09-09 12,21.83152756406855,0.200710210104701,50.57434860290834,18.22152317880795,11.051160714285714
2024-09-09 13,21.83152756406855,0.200710210104701,50.57434860290834,18.22152317880795,11.051160714285714
2024-09-09 14,21.83152756406855,0.200710210104701,50.57434860290834,18.22152317880795,11.051160714285714
2024-09-09 15,21.83152756406855,0.200710210104701,50.57434860290834,18.22152317880795,11.051160714285714
2024-09-09 16,21.83152756406855,0.200710210104701,50.57434860290834,18.22152317880795,11.051160714285714
2024-09-09 17,21.83152756406855,0.200710210104701,50.57434860290834,18.22152317880795,11.051160714285714
2024-09-09 18,21.83152756406855,0.200710210104701,50.57434860290834,18.22152317880795,11.051160714285714
2024-09-09 19,21.83152756406855,0.200710210104701,50.57434860290834,18.22152317880795,11.051160714285714
2024-09-09 20,21.83152756406855,0.200710210104701,50.57434860290834,18.22152317880795,11.051160714285714
2024-09-09 21,21.83152756406855,0.200710210104701,50.57434860290834,18.22152317880795,11.051160714285714
2024-09-09 22,21.83152756406855,0.200710210104701,50.57434860290834,18.22152317880795,11.051160714285714
2024-09-09 23,21.83152756406855,0.200710210104701,50.57434860290834,18.22152317880795,11.051160714285714
2024-09-10 00,21.83152756406855,0.200710210104701,50.57434860290834,18.22152317880795,11.051160714285714
2024-09-10 01,21.83152756406855,0.200710210104701,50.57434860290834,18.22152317880795,11.051160714285714
2024-09-10 02,21.83152756406855,0.200710210104701,50.57434860290834,18.22152317880795,11.051160714285714
2024-09-10 03,21.83152756406855,0.200710210104701,50.57434860290834,18.22152317880795,11.051160714285714
2024-09-10 04,21.83152756406855,0.200710210104701,50.57434860290834,18.22152317880795,11.051160714285714
2024-09-10 05,21.83152756406855,0.200710210104701,50.57434860290834,18.22152317880795,11.051160714285714
2024-09-10 06,21.83152756406855,0.200710210104701,50.57434860290834,18.22152317880795,11.051160714285714
2024-09-10 07,21.83152756406855,0.200710210104701,50.57434860290834,18.22152317880795,11.051160714285714
2024-09-10 08,21.83152756406855,0.200710210104701,50.57434860290834,18.22152317880795,11.051160714285714
2024-09-10 09,21.83152756406855,0.200710210104701,50.57434860290834,18.22152317880795,11.051160714285714
2024-09-10 10,21.83152756406855,0.200710210104701,50.57434860290834,18.22152317880795,11.051160714285714
2024-09-10 11,21.83152756406855,0.200710210104701,50.57434860290834,18.22152317880795,11.051160714285714
2024-09-10 12,21.83152756406855,0.200710210104701,50.57434860290834,18.22152317880795,11.051160714285714
2024-09-10 13,21.83152756406855,0.200710210104701,50.57434860290834,18.22152317880795,11.051160714285714
2024-09-10 14,21.83152756406855,0.200710210104701,50.57434860290834,18.22152317880795,11.051160714285714
2024-09-10 15,21.83152756406855,0.200710210104701,50.57434860290834,18.22152317880795,11.051160714285714
2024-09-10 16,21.83152756406855,0.200710210104701,50.57434860290834,18.22152317880795,11.051160714285714
2024-09-10 17,21.83152756406855,0.200710210104701,50.57434860290834,18.22152317880795,11.051160714285714
2024-09-10 18,21.83152756406855,0.200710210104701,50.57434860290834,18.22152317880795,11.051160714285714
2024-09-10 19,21.83152756406855,0.200710210104701,50.57434860290834,18.22152317880795,11.051160714285714
2024-09-10 20,21.83152756406855,0.200710210104701,50.57434860290834,18.22152317880795,11.051160714285714
2024-09-10 21,21.83152756406855,0.200710210104701,50.57434860290834,18.22152317880795,11.051160714285714
2024-09-10 22,21.83152756406855,0.200710210104701,50.57434860290834,18.22152317880795,11.051160714285714
2024-09-10 23,21.83152756406855,0.200710210104701,50.57434860290834,18.22152317880795,11.051160714285714
2024-09-11 00,21.83152756406855,0.200710210104701,50.57434860290834,18.22152317880795,11.051160714285714
2024-09-11 01,21.83152756406855,0.200710210104701,50.57434860290834,18.22152317880795,11.051160714285714
2024-09-11 02,21.83152756406855,0.200710210104701,50.57434860290834,18.22152317880795,11.051160714285714
2024-09-11 03,21.83152756406855,0.200710210104701,50.57434860290834,18.22152317880795,11.051160714285714
2024-09-11 04,21.83152756406855,0.200710210104701,50.57434860290834,18.22152317880795,11.051160714285714
2024-09-11 05,21.83152756406855,0.200710210104701,50.57434860290834,18.22152317880795,11.051160714285714
2024-09-11 06,21.83152756406855,0.200710210104701,50.57434860290834,18.22152317880795,11.051160714285714
2024-09-11 07,21.83152756406855,0.200710210104701,50.57434860290834,18.22152317880795,11.051160714285714
2024-09-11 08,21.83152756406855,0.200710210104701,50.57434860290834,18.22152317880795,11.051160714285714
2024-09-11 09,21.83152756406855,0.200710210104701,50.57434860290834,18.22152317880795,11.051160714285714
2024-09-11 10,21.83152756406855,0.200710210104701,50.57434860290834,18.22152317880795,11.051160714285714
2024-09-11 11,21.83152756406855,0.200710210104701,50.57434860290834,18.22152317880795,11.051160714285714
2024-09-11 12,21.83152756406855,0.200710210104701,50.57434860290834,18.22152317880795,11.051160714285714
2024-09-11 13,21.83152756406855,0.200710210104701,50.57434860290834,18.22152317880795,11.051160714285714
2024-09-11 14,21.83152756406855,0.200710210104701,50.57434860290834,18.22152317880795,11.051160714285714
2024-09-11 15,21.83152756406855,0.200710210104701,50.57434860290834,18.22152317880795,11.051160714285714
2024-09-11 16,21.83152756406855,0.200710210104701,50.57434860290834,18.22152317880795,11.051160714285714
2024-09-11 17,21.83152756406855,0.200710210104701,50.57434860290834,18.22152317880795,11.051160714285714
2024-09-11 18,21.83152756406855,0.200710210104701,50.57434860290834,18.22152317880795,11.051160714285714
2024-09-11 19,21.83152756406855,0.200710210104701,50.57434860290834,18.22152317880795,11.051160714285714
2024-09-11 20,21.83152756406855,0.200710210104701,50.57434860290834,18.22152317880795,11.051160714285714
2024-09-11 21,21.83152756406855,0.200710210104701,50.57434860290834,18.22152317880795,11.051160714285714
2024-09-11 22,21.83152756406855,0.200710210104701,50.57434860290834,18.22152317880795,11.051160714285714
2024-09-11 23,21.83152756406855,0.200710210104701,50.57434860290834,18.22152317880795,11.051160714285714
2024-09-12 00,21.83152756406855,0.200710210104701,50.57434860290834,18.22152317880795,11.051160714285714
2024-09-12 01,21.83152756406855,0.200710210104701,50.57434860290834,18.22152317880795,11.051160714285714
2024-09-12 02,21.83152756406855,0.200710210104701,50.57434860290834,18.22152317880795,11.051160714285714
2024-09-12 03,21.83152756406855,0.200710210104701,50.57434860290834,18.22152317880795,11.051160714285714
2024-09-12 04,21.83152756406855,0.200710210104701,50.57434860290834,18.22152317880795,11.051160714285714
2024-09-12 05,21.83152756406855,0.200710210104701,50.57434860290834,18.22152317880795,11.051160714285714
2024-09-12 06,21.83152756406855,0.200710210104701,50.57434860290834,18.22152317880795,11.051160714285714
2024-09-12 07,21.83152756406855,0.200710210104701,50.57434860290834,18.22152317880795,11.051160714285714
2024-09-12 08,21.83152756406855,0.200710210104701,50.57434860290834,18.22152317880795,11.051160714285714
2024-09-12 09,21.83152756406855,0.200710210104701,50.57434860290834,18.22152317880795,11.051160714285714
2024-09-12 10,21.83152756406855,0.200710210104701,50.57434860290834,18.22152317880795,11.051160714285714
2024-09-12 11,21.83152756406855,0.200710210104701,50.57434860290834,18.22152317880795,11.051160714285714
2024-09-12 12,21.83152756406855,0.200710210104701,50.57434860290834,18.22152317880795,11.051160714285714
2024-09-12 13,21.83152756406855,0.200710210104701,50.57434860290834,18.22152317880795,11.051160714285714
2024-09-12 14,21.83152756406855,0.200710210104701,50.57434860290834,18.22152317880795,11.051160714285714
2024-09-12 15,21.83152756406855,0.200710210104701,50.57434860290834,18.22152317880795,11.051160714285714
2024-09-12 16,21.83152756406855,0.200710210104701,50.57434860290834,18.22152317880795,11.051160714285714
2024-09-12 17,21.83152756406855,0.200710210104701,50.57434860290834,18.22152317880795,11.051160714285714
2024-09-12 18,21.83152756406855,0.200710210104701,50.57434860290834,18.22152317880795,11.051160714285714
2024-09-12 19,21.83152756406855,0.200710210104701,50.57434860290834,18.22152317880795,11.051160714285714
2024-09-12 20,21.83152756406855,0.200710210104701,50.57434860290834,18.22152317880795,11.051160714285714
2024-09-12 21,21.83152756406855,0.200710210104701,50.57434860290834,18.22152317880795,11.051160714285714
2024-09-12 22,21.83152756406855,0.200710210104701,50.57434860290834,18.22152317880795,11.051160714285714
2024-09-12 23,21.83152756406855,0.200710210104701,50.57434860290834,18.22152317880795,11.051160714285714
2024-09-13 00,21.83152756406855,0.200710210104701,50.57434860290834,18.22152317880795,11.051160714285714
2024-09-13 01,21.83152756406855,0.200710210104701,50.57434860290834,18.22152317880795,11.051160714285714
2024-09-13 02,21.83152756406855,0.200710210104701,50.57434860290834,18.22152317880795,11.051160714285714
2024-09-13 03,21.83152756406855,0.200710210104701,50.57434860290834,18.22152317880795,11.051160714285714
2024-09-13 04,21.83152756406855,0.200710210104701,50.57434860290834,18.22152317880795,11.051160714285714
2024-09-13 05,21.83152756406855,0.200710210104701,50.57434860290834,18.22152317880795,11.051160714285714
2024-09-13 06,21.83152756406855,0.200710210104701,50.57434860290834,18.22152317880795,11.051160714285714
2024-09-13 07,21.83152756406855,0.200710210104701,50.57434860290834,18.22152317880795,11.051160714285714
2024-09-13 08,21.83152756406855,0.200710210104701,50.57434860290834,18.22152317880795,11.051160714285714
2024-09-13 09,21.83152756406855,0.200710210104701,50.57434860290834,18.22152317880795,11.051160714285714
2024-09-13 10,21.83152756406855,0.200710210104701,50.57434860290834,18.22152317880795,11.051160714285714
2024-09-13 11,21.83152756406855,0.200710210104701,50.57434860290834,18.22152317880795,11.051160714285714
2024-09-13 12,21.83152756406855,0.200710210104701,50.57434860290834,18.22152317880795,11.051160714285714
2024-09-13 13,21.83152756406855,0.200710210104701,50.57434860290834,18.22152317880795,11.051160714285714
2024-09-13 14,21.83152756406855,0.200710210104701,50.57434860290834,18.22152317880795,11.051160714285714
2024-09-13 15,21.83152756406855,0.200710210104701,50.57434860290834,18.22152317880795,11.051160714285714
2024-09-13 16,21.83152756406855,0.200710210104701,50.57434860290834,18.22152317880795,11.051160714285714
2024-09-13 17,21.83152756406855,0.200710210104701,50.57434860290834,18.22152317880795,11.051160714285714
2024-09-13 18,21.83152756406855,0.200710210104701,50.57434860290834,18.22152317880795,11.051160714285714
2024-09-13 19,21.83152756406855,0.200710210104701,50.57434860290834,18.22152317880795,11.051160714285714
2024-09-13 20,21.83152756406855,0.200710210104701,50.57434860290834,18.22152317880795,11.051160714285714
2024-09-13 21,21.83152756406855,0.200710210104701,50.57434860290834,18.22152317880795,11.051160714285714
2024-09-13 22,21.83152756406855,0.200710210104701,50.57434860290834,18.22152317880795,11.051160714285714
2024-09-13 23,21.83152756406855,0.200710210104701,50.57434860290834,18.22152317880795,11.051160714285714
2024-09-14 00,21.83152756406855,0.200710210104701,50.57434860290834,18.22152317880795,11.051160714285714
2024-09-14 01,21.83152756406855,0.200710210104701,50.57434860290834,18.22152317880795,11.051160714285714
2024-09-14 02,21.83152756406855,0.200710210104701,50.57434860290834,18.22152317880795,11.051160714285714
2024-09-14 03,21.83152756406855,0.200710210104701,50.57434860290834,18.22152317880795,11.051160714285714
2024-09-14 04,21.83152756406855,0.200710210104701,50.57434860290834,18.22152317880795,11.051160714285714
2024-09-14 05,21.83152756406855,0.200710210104701,50.57434860290834,18.22152317880795,11.051160714285714
2024-09-14 06,21.83152756406855,0.200710210104701,50.57434860290834,18.22152317880795,11.051160714285714
2024-09-14 07,21.83152756406855,0.200710210104701,50.57434860290834,18.22152317880795,11.051160714285714
2024-09-14 08,21.83152756406855,0.200710210104701,50.57434860290834,18.22152317880795,11.051160714285714
2024-09-14 09,21.83152756406855,0.200710210104701,50.57434860290834,18.22152317880795,11.051160714285714
2024-09-14 10,21.83152756406855,0.200710210104701,50.57434860290834,18.22152317880795,11.051160714285714
2024-09-14 11,21.83152756406855,0.200710210104701,50.57434860290834,18.22152317880795,11.051160714285714
2024-09-14 12,21.83152756406855,0.200710210104701,50.57434860290834,18.22152317880795,11.051160714285714
2024-09-14 13,21.83152756406855,0.200710210104701,50.57434860290834,18.22152317880795,11.051160714285714
2024-09-14 14,21.83152756406855,0.200710210104701,50.57434860290834,18.22152317880795,11.051160714285714
2024-09-14 15,21.83152756406855,0.200710210104701,50.57434860290834,18.22152317880795,11.051160714285714
2024-09-14 16,21.83152756406855,0.200710210104701,50.57434860290834,18.22152317880795,11.051160714285714
2024-09-14 17,21.83152756406855,0.200710210104701,50.57434860290834,18.22152317880795,11.051160714285714
2024-09-14 18,21.83152756406855,0.200710210104701,50.57434860290834,18.22152317880795,11.051160714285714
2024-09-14 19,21.83152756406855,0.200710210104701,50.57434860290834,18.22152317880795,11.051160714285714
2024-09-14 20,21.83152756406855,0.200710210104701,50.57434860290834,18.22152317880795,11.051160714285714
2024-09-14 21,21.83152756406855,0.200710210104701,50.57434860290834,18.22152317880795,11.051160714285714
2024-09-14 22,21.83152756406855,0.200710210104701,50.57434860290834,18.22152317880795,11.051160714285714
2024-09-14 23,21.83152756406855,0.200710210104701,50.57434860290834,18.22152317880795,11.051160714285714
2024-09-15 00,21.83152756406855,0.200710210104701,50.57434860290834,18.22152317880795,11.051160714285714
2024-09-15 01,21.83152756406855,0.200710210104701,50.57434860290834,18.22152317880795,11.051160714285714
2024-09-15 02,21.83152756406855,0.200710210104701,50.57434860290834,18.22152317880795,11.051160714285714
2024-09-15 03,21.83152756406855,0.200710210104701,50.57434860290834,18.22152317880795,11.051160714285714
2024-09-15 04,21.83152756406855,0.200710210104701,50.57434860290834,18.22152317880795,11.051160714285714
2024-09-15 05,21.83152756406855,0.200710210104701,50.57434860290834,18.22152317880795,11.051160714285714
2024-09-15 06,21.83152756406855,0.200710210104701,50.57434860290834,18.22152317880795,11.051160714285714
2024-09-15 07,21.83152756406855,0.200710210104701,50.57434860290834,18.22152317880795,11.051160714285714
2024-09-15 08,21.83152756406855,0.200710210104701,50.57434860290834,18.22152317880795,11.051160714285714
2024-09-15 09,21.83152756406855,0.200710210104701,50.57434860290834,18.22152317880795,11.051160714285714
2024-09-15 10,21.83152756406855,0.200710210104701,50.57434860290834,18.22152317880795,11.051160714285714
2024-09-15 11,21.83152756406855,0.200710210104701,50.57434860290834,18.22152317880795,11.051160714285714
2024-09-15 12,21.83152756406855,0.200710210104701,50.57434860290834,18.22152317880795,11.051160714285714
2024-09-15 13,21.83152756406855,0.200710210104701,50.57434860290834,18.22152317880795,11.051160714285714
2024-09-15 14,21.83152756406855,0.200710210104701,50.57434860290834,18.22152317880795,11.051160714285714
2024-09-15 15,21.83152756406855,0.200710210104701,50.57434860290834,18.22152317880795,11.051160714285714
2024-09-15 16,21.83152756406855,0.200710210104701,50.57434860290834,18.22152317880795,11.051160714285714
2024-09-15 17,21.83152756406855,0.200710210104701,50.57434860290834,18.22152317880795,11.051160714285714
2024-09-15 18,21.83152756406855,0.200710210104701,50.57434860290834,18.22152317880795,11.051160714285714
2024-09-15 19,21.83152756406855,0.200710210104701,50.57434860290834,18.22152317880795,11.051160714285714
2024-09-15 20,21.83152756406855,0.200710210104701,50.57434860290834,18.22152317880795,11.051160714285714
2024-09-15 21,21.83152756406855,0.200710210104701,50.57434860290834,18.22152317880795,11.051160714285714
2024-09-15 22,21.83152756406855,0.200710210104701,50.57434860290834,18.22152317880795,11.051160714285714
2024-09-15 23,21.83152756406855,0.200710210104701,50.57434860290834,18.22152317880795,11.051160714285714
2024-09-16 00,21.83152756406855,0.200710210104701,50.57434860290834,18.22152317880795,11.051160714285714
2024-09-16 01,21.83152756406855,0.200710210104701,50.57434860290834,18.22152317880795,11.051160714285714
2024-09-16 02,21.83152756406855,0.200710210104701,50.57434860290834,18.22152317880795,11.051160714285714
2024-09-16 03,21.83152756406855,0.200710210104701,50.57434860290834,18.22152317880795,11.051160714285714
2024-09-16 04,21.83152756406855,0.200710210104701,50.57434860290834,18.22152317880795,11.051160714285714
2024-09-16 05,21.83152756406855,0.200710210104701,50.57434860290834,18.22152317880795,11.051160714285714
2024-09-16 06,21.83152756406855,0.200710210104701,50.57434860290834,18.22152317880795,11.051160714285714
2024-09-16 07,21.83152756406855,0.200710210104701,50.57434860290834,18.22152317880795,11.051160714285714
2024-09-16 08,21.83152756406855,0.200710210104701,50.57434860290834,18.22152317880795,11.051160714285714
2024-09-16 09,21.83152756406855,0.200710210104701,50.57434860290834,18.22152317880795,11.051160714285714
2024-09-16 10,21.83152756406855,0.200710210104701,50.57434860290834,18.22152317880795,11.051160714285714
2024-09-16 11,21.83152756406855,0.200710210104701,50.57434860290834,18.22152317880795,11.051160714285714
2024-09-16 12,21.83152756406855,0.200710210104701,50.57434860290834,18.22152317880795,11.051160714285714
2024-09-16 13,21.83152756406855,0.200710210104701,50.57434860290834,18.22152317880795,11.051160714285714
2024-09-16 14,21.83152756406855,0.200710210104701,50.57434860290834,18.22152317880795,11.051160714285714
2024-09-16 15,21.83152756406855,0.200710210104701,50.57434860290834,18.22152317880795,11.051160714285714
2024-09-16 16,21.83152756406855,0.200710210104701,50.57434860290834,18.22152317880795,11.051160714285714
2024-09-16 17,21.83152756406855,0.200710210104701,50.57434860290834,18.22152317880795,11.051160714285714
2024-09-16 18,21.83152756406855,0.200710210104701,50.57434860290834,18.22152317880795,11.051160714285714
2024-09-16 19,21.83152756406855,0.200710210104701,50.57434860290834,18.22152317880795,11.051160714285714
2024-09-16 20,21.83152756406855,0.200710210104701,50.57434860290834,18.22152317880795,11.051160714285714
2024-09-16 21,21.83152756406855,0.200710210104701,50.57434860290834,18.22152317880795,11.051160714285714
2024-09-16 22,21.83152756406855,0.200710210104701,50.57434860290834,18.22152317880795,11.051160714285714
2024-09-16 23,21.83152756406855,0.200710210104701,50.57434860290834,18.22152317880795,11.051160714285714
2024-09-17 00,21.83152756406855,0.200710210104701,50.57434860290834,18.22152317880795,11.051160714285714
2024-09-17 01,21.83152756406855,0.200710210104701,50.57434860290834,18.22152317880795,11.051160714285714
2024-09-17 02,21.83152756406855,0.200710210104701,50.57434860290834,18.22152317880795,11.051160714285714
2024-09-17 03,21.83152756406855,0.200710210104701,50.57434860290834,18.22152317880795,11.051160714285714
2024-09-17 04,21.83152756406855,0.200710210104701,50.57434860290834,18.22152317880795,11.051160714285714
2024-09-17 05,21.83152756406855,0.200710210104701,50.57434860290834,18.22152317880795,11.051160714285714
2024-09-17 06,21.83152756406855,0.200710210104701,50.57434860290834,18.22152317880795,11.051160714285714
2024-09-17 07,21.83152756406855,0.200710210104701,50.57434860290834,18.22152317880795,11.051160714285714
2024-09-17 08,21.83152756406855,0.200710210104701,50.57434860290834,18.22152317880795,11.051160714285714
2024-09-17 09,21.83152756406855,0.200710210104701,50.57434860290834,18.22152317880795,11.051160714285714
2024-09-17 10,21.83152756406855,0.200710210104701,50.57434860290834,18.22152317880795,11.051160714285714
2024-09-17 11,21.83152756406855,0.200710210104701,50.57434860290834,18.22152317880795,11.051160714285714
2024-09-17 12,21.83152756406855,0.200710210104701,50.57434860290834,18.22152317880795,11.051160714285714
2024-09-17 13,21.83152756406855,0.200710210104701,50.57434860290834,18.22152317880795,11.051160714285714
2024-09-17 14,21.83152756406855,0.200710210104701,50.57434860290834,18.22152317880795,11.051160714285714
2024-09-17 15,21.83152756406855,0.200710210104701,50.57434860290834,18.22152317880795,11.051160714285714
2024-09-17 16,21.83152756406855,0.200710210104701,50.57434860290834,18.22152317880795,11.051160714285714
2024-09-17 17,21.83152756406855,0.200710210104701,50.57434860290834,18.22152317880795,11.051160714285714
2024-09-17 18,21.83152756406855,0.200710210104701,50.57434860290834,18.22152317880795,11.051160714285714
2024-09-17 19,21.83152756406855,0.200710210104701,50.57434860290834,18.22152317880795,11.051160714285714
2024-09-17 20,21.83152756406855,0.200710210104701,50.57434860290834,18.22152317880795,11.051160714285714
2024-09-17 21,21.83152756406855,0.200710210104701,50.57434860290834,18.22152317880795,11.051160714285714
2024-09-17 22,21.83152756406855,0.200710210104701,50.57434860290834,18.22152317880795,11.051160714285714
2024-09-17 23,21.83152756406855,0.200710210104701,50.57434860290834,18.22152317880795,11.051160714285714
2024-09-18 00,21.83152756406855,0.200710210104701,50.57434860290834,18.22152317880795,11.051160714285714
2024-09-18 01,21.83152756406855,0.200710210104701,50.57434860290834,18.22152317880795,11.051160714285714
2024-09-18 02,21.83152756406855,0.200710210104701,50.57434860290834,18.22152317880795,11.051160714285714
2024-09-18 03,21.83152756406855,0.200710210104701,50.57434860290834,18.22152317880795,11.051160714285714
2024-09-18 04,21.83152756406855,0.200710210104701,50.57434860290834,18.22152317880795,11.051160714285714
2024-09-18 05,21.83152756406855,0.200710210104701,50.57434860290834,18.22152317880795,11.051160714285714
2024-09-18 06,21.83152756406855,0.200710210104701,50.57434860290834,18.22152317880795,11.051160714285714
2024-09-18 07,21.83152756406855,0.200710210104701,50.57434860290834,18.22152317880795,11.051160714285714
2024-09-18 08,21.83152756406855,0.200710210104701,50.57434860290834,18.22152317880795,11.051160714285714
2024-09-18 09,21.83152756406855,0.200710210104701,50.57434860290834,18.22152317880795,11.051160714285714
2024-09-18 10,21.83152756406855,0.200710210104701,50.57434860290834,18.22152317880795,11.051160714285714
2024-09-18 11,21.83152756406855,0.200710210104701,50.57434860290834,18.22152317880795,11.051160714285714
2024-09-18 12,21.83152756406855,0.200710210104701,50.57434860290834,18.22152317880795,11.051160714285714
2024-09-18 13,21.83152756406855,0.200710210104701,50.57434860290834,18.22152317880795,11.051160714285714
2024-09-18 14,21.83152756406855,0.200710210104701,50.57434860290834,18.22152317880795,11.051160714285714
2024-09-18 15,21.83152756406855,0.200710210104701,50.57434860290834,18.22152317880795,11.051160714285714
2024-09-18 16,21.83152756406855,0.200710210104701,50.57434860290834,18.22152317880795,11.051160714285714
2024-09-18 17,21.83152756406855,0.200710210104701,50.57434860290834,18.22152317880795,11.051160714285714
2024-09-18 18,21.83152756406855,0.200710210104701,50.57434860290834,18.22152317880795,11.051160714285714
2024-09-18 19,21.83152756406855,0.200710210104701,50.57434860290834,18.22152317880795,11.051160714285714
2024-09-18 20,21.83152756406855,0.200710210104701,50.57434860290834,18.22152317880795,11.051160714285714
2024-09-18 21,21.83152756406855,0.200710210104701,50.57434860290834,18.22152317880795,11.051160714285714
2024-09-18 22,21.83152756406855,0.200710210104701,50.57434860290834,18.22152317880795,11.051160714285714
2024-09-18 23,21.83152756406855,0.200710210104701,50.57434860290834,18.22152317880795,11.051160714285714
2024-09-19 00,21.83152756406855,0.200710210104701,50.57434860290834,18.22152317880795,11.051160714285714
2024-09-19 01,21.83152756406855,0.200710210104701,50.57434860290834,18.22152317880795,11.051160714285714
2024-09-19 02,21.83152756406855,0.200710210104701,50.57434860290834,18.22152317880795,11.051160714285714
2024-09-19 03,21.83152756406855,0.200710210104701,50.57434860290834,18.22152317880795,11.051160714285714
2024-09-19 04,21.83152756406855,0.200710210104701,50.57434860290834,18.22152317880795,11.051160714285714
2024-09-19 05,21.83152756406855,0.200710210104701,50.57434860290834,18.22152317880795,11.051160714285714
2024-09-19 06,21.83152756406855,0.200710210104701,50.57434860290834,18.22152317880795,11.051160714285714
2024-09-19 07,21.83152756406855,0.200710210104701,50.57434860290834,18.22152317880795,11.051160714285714
2024-09-19 08,21.83152756406855,0.200710210104701,50.57434860290834,18.22152317880795,11.051160714285714
2024-09-19 09,21.83152756406855,0.200710210104701,50.57434860290834,18.22152317880795,11.051160714285714
2024-09-19 10,21.83152756406855,0.200710210104701,50.57434860290834,18.22152317880795,11.051160714285714
2024-09-19 11,21.83152756406855,0.200710210104701,50.57434860290834,18.22152317880795,11.051160714285714
2024-09-19 12,21.83152756406855,0.200710210104701,50.57434860290834,18.22152317880795,11.051160714285714
2024-09-19 13,21.83152756406855,0.200710210104701,50.57434860290834,18.22152317880795,11.051160714285714
2024-09-19 14,21.83152756406855,0.200710210104701,50.57434860290834,18.22152317880795,11.051160714285714
2024-09-19 15,21.83152756406855,0.200710210104701,50.57434860290834,18.22152317880795,11.051160714285714
2024-09-19 16,21.83152756406855,0.200710210104701,50.57434860290834,18.22152317880795,11.051160714285714
2024-09-19 17,21.83152756406855,0.200710210104701,50.57434860290834,18.22152317880795,11.051160714285714
2024-09-19 18,21.83152756406855,0.200710210104701,50.57434860290834,18.22152317880795,11.051160714285714
2024-09-19 19,21.83152756406855,0.200710210104701,50.57434860290834,18.22152317880795,11.051160714285714
2024-09-19 20,21.83152756406855,0.200710210104701,50.57434860290834,18.22152317880795,11.051160714285714
2024-09-19 21,21.83152756406855,0.200710210104701,50.57434860290834,18.22152317880795,11.051160714285714
2024-09-19 22,21.83152756406855,0.200710210104701,50.57434860290834,18.22152317880795,11.051160714285714
2024-09-19 23,21.83152756406855,0.200710210104701,50.57434860290834,18.22152317880795,11.051160714285714
2024-09-20 00,21.83152756406855,0.200710210104701,50.57434860290834,18.22152317880795,11.051160714285714
2024-09-20 01,21.83152756406855,0.200710210104701,50.57434860290834,18.22152317880795,11.051160714285714
2024-09-20 02,21.83152756406855,0.200710210104701,50.57434860290834,18.22152317880795,11.051160714285714
2024-09-20 03,21.83152756406855,0.200710210104701,50.57434860290834,18.22152317880795,11.051160714285714
2024-09-20 04,21.83152756406855,0.200710210104701,50.57434860290834,18.22152317880795,11.051160714285714
2024-09-20 05,21.83152756406855,0.200710210104701,50.57434860290834,18.22152317880795,11.051160714285714
2024-09-20 06,21.83152756406855,0.200710210104701,50.57434860290834,18.22152317880795,11.051160714285714
2024-09-20 07,21.83152756406855,0.200710210104701,50.57434860290834,18.22152317880795,11.051160714285714
2024-09-20 08,21.83152756406855,0.200710210104701,50.57434860290834,18.22152317880795,11.051160714285714
2024-09-20 09,21.83152756406855,0.200710210104701,50.57434860290834,18.22152317880795,11.051160714285714
2024-09-20 10,21.83152756406855,0.200710210104701,50.57434860290834,18.22152317880795,11.051160714285714
2024-09-20 11,21.83152756406855,0.200710210104701,50.57434860290834,18.22152317880795,11.051160714285714
2024-09-20 12,21.83152756406855,0.200710210104701,50.57434860290834,18.22152317880795,11.051160714285714
2024-09-20 13,21.83152756406855,0.200710210104701,50.57434860290834,18.22152317880795,11.051160714285714
2024-09-20 14,21.83152756406855,0.200710210104701,50.57434860290834,18.22152317880795,11.051160714285714
2024-09-20 15,21.83152756406855,0.200710210104701,50.57434860290834,18.22152317880795,11.051160714285714
2024-09-20 16,21.83152756406855,0.200710210104701,50.57434860290834,18.22152317880795,11.051160714285714
2024-09-20 17,21.83152756406855,0.200710210104701,50.57434860290834,18.22152317880795,11.051160714285714
2024-09-20 18,21.83152756406855,0.200710210104701,50.57434860290834,18.22152317880795,11.051160714285714
2024-09-20 19,21.83152756406855,0.200710210104701,50.57434860290834,18.22152317880795,11.051160714285714
2024-09-20 20,21.83152756406855,0.200710210104701,50.57434860290834,18.22152317880795,11.051160714285714
2024-09-20 21,21.83152756406855,0.200710210104701,50.57434860290834,18.22152317880795,11.051160714285714
2024-09-20 22,21.83152756406855,0.200710210104701,50.57434860290834,18.22152317880795,11.051160714285714
2024-09-20 23,21.83152756406855,0.200710210104701,50.57434860290834,18.22152317880795,11.051160714285714
2024-09-21 00,21.83152756406855,0.200710210104701,50.57434860290834,18.22152317880795,11.051160714285714
2024-09-21 01,21.83152756406855,0.200710210104701,50.57434860290834,18.22152317880795,11.051160714285714
2024-09-21 02,21.83152756406855,0.200710210104701,50.57434860290834,18.22152317880795,11.051160714285714
2024-09-21 03,21.83152756406855,0.200710210104701,50.57434860290834,18.22152317880795,11.051160714285714
2024-09-21 04,21.83152756406855,0.200710210104701,50.57434860290834,18.22152317880795,11.051160714285714
2024-09-21 05,21.83152756406855,0.200710210104701,50.57434860290834,18.22152317880795,11.051160714285714
2024-09-21 06,21.83152756406855,0.200710210104701,50.57434860290834,18.22152317880795,11.051160714285714
2024-09-21 07,21.83152756406855,0.200710210104701,50.57434860290834,18.22152317880795,11.051160714285714
2024-09-21 08,21.83152756406855,0.200710210104701,50.57434860290834,18.22152317880795,11.051160714285714
2024-09-21 09,21.83152756406855,0.200710210104701,50.57434860290834,18.22152317880795,11.051160714285714
2024-09-21 10,21.83152756406855,0.200710210104701,50.57434860290834,18.22152317880795,11.051160714285714
2024-09-21 11,21.83152756406855,0.200710210104701,50.57434860290834,18.22152317880795,11.051160714285714
2024-09-21 12,21.83152756406855,0.200710210104701,50.57434860290834,18.22152317880795,11.051160714285714
2024-09-21 13,21.83152756406855,0.200710210104701,50.57434860290834,18.22152317880795,11.051160714285714
2024-09-21 14,21.83152756406855,0.200710210104701,50.57434860290834,18.22152317880795,11.051160714285714
2024-09-21 15,21.83152756406855,0.200710210104701,50.57434860290834,18.22152317880795,11.051160714285714
2024-09-21 16,21.83152756406855,0.200710210104701,50.57434860290834,18.22152317880795,11.051160714285714
2024-09-21 17,21.83152756406855,0.200710210104701,50.57434860290834,18.22152317880795,11.051160714285714
2024-09-21 18,21.83152756406855,0.200710210104701,50.57434860290834,18.22152317880795,11.051160714285714
2024-09-21 19,21.83152756406855,0.200710210104701,50.57434860290834,18.22152317880795,11.051160714285714
2024-09-21 20,21.83152756406855,0.200710210104701,50.57434860290834,18.22152317880795,11.051160714285714
2024-09-21 21,21.83152756406855,0.200710210104701,50.57434860290834,18.22152317880795,11.051160714285714
2024-09-21 22,21.83152756406855,0.200710210104701,50.57434860290834,18.22152317880795,11.051160714285714
2024-09-21 23,21.83152756406855,0.200710210104701,50.57434860290834,18.22152317880795,11.051160714285714
2024-09-22 00,21.83152756406855,0.200710210104701,50.57434860290834,18.22152317880795,11.051160714285714
2024-09-22 01,21.83152756406855,0.200710210104701,50.57434860290834,18.22152317880795,11.051160714285714
2024-09-22 02,21.83152756406855,0.200710210104701,50.57434860290834,18.22152317880795,11.051160714285714
2024-09-22 03,21.83152756406855,0.200710210104701,50.57434860290834,18.22152317880795,11.051160714285714
2024-09-22 04,21.83152756406855,0.200710210104701,50.57434860290834,18.22152317880795,11.051160714285714
2024-09-22 05,21.83152756406855,0.200710210104701,50.57434860290834,18.22152317880795,11.051160714285714
2024-09-22 06,21.83152756406855,0.200710210104701,50.57434860290834,18.22152317880795,11.051160714285714
2024-09-22 07,21.83152756406855,0.200710210104701,50.57434860290834,18.22152317880795,11.051160714285714
2024-09-22 08,21.83152756406855,0.200710210104701,50.57434860290834,18.22152317880795,11.051160714285714
2024-09-22 09,21.83152756406855,0.200710210104701,50.57434860290834,18.22152317880795,11.051160714285714
2024-09-22 10,21.83152756406855,0.200710210104701,50.57434860290834,18.22152317880795,11.051160714285714
2024-09-22 11,21.83152756406855,0.200710210104701,50.57434860290834,18.22152317880795,11.051160714285714
2024-09-22 12,21.83152756406855,0.200710210104701,50.57434860290834,18.22152317880795,11.051160714285714
2024-09-22 13,21.83152756406855,0.200710210104701,50.57434860290834,18.22152317880795,11.051160714285714
2024-09-22 14,21.83152756406855,0.200710210104701,50.57434860290834,18.22152317880795,11.051160714285714
2024-09-22 15,21.83152756406855,0.200710210104701,50.57434860290834,18.22152317880795,11.051160714285714
2024-09-22 16,21.83152756406855,0.200710210104701,50.57434860290834,18.22152317880795,11.051160714285714
2024-09-22 17,21.83152756406855,0.200710210104701,50.57434860290834,18.22152317880795,11.051160714285714
2024-09-22 18,21.83152756406855,0.200710210104701,50.57434860290834,18.22152317880795,11.051160714285714
2024-09-22 19,21.83152756406855,0.200710210104701,50.57434860290834,18.22152317880795,11.051160714285714
2024-09-22 20,21.83152756406855,0.200710210104701,50.57434860290834,18.22152317880795,11.051160714285714
2024-09-22 21,21.83152756406855,0.200710210104701,50.57434860290834,18.22152317880795,11.051160714285714
2024-09-22 22,21.83152756406855,0.200710210104701,50.57434860290834,18.22152317880795,11.051160714285714
2024-09-22 23,21.83152756406855,0.200710210104701,50.57434860290834,18.22152317880795,11.051160714285714
2024-09-23 00,21.83152756406855,0.200710210104701,50.57434860290834,18.22152317880795,11.051160714285714
2024-09-23 01,21.83152756406855,0.200710210104701,50.57434860290834,18.22152317880795,11.051160714285714
2024-09-23 02,21.83152756406855,0.200710210104701,50.57434860290834,18.22152317880795,11.051160714285714
2024-09-23 03,21.83152756406855,0.200710210104701,50.57434860290834,18.22152317880795,11.051160714285714
2024-09-23 04,21.83152756406855,0.200710210104701,50.57434860290834,18.22152317880795,11.051160714285714
2024-09-23 05,21.83152756406855,0.200710210104701,50.57434860290834,18.22152317880795,11.051160714285714
2024-09-23 06,21.83152756406855,0.200710210104701,50.57434860290834,18.22152317880795,11.051160714285714
2024-09-23 07,21.83152756406855,0.200710210104701,50.57434860290834,18.22152317880795,11.051160714285714
2024-09-23 08,21.83152756406855,0.200710210104701,50.57434860290834,18.22152317880795,11.051160714285714
2024-09-23 09,21.83152756406855,0.200710210104701,50.57434860290834,18.22152317880795,11.051160714285714
2024-09-23 10,21.83152756406855,0.200710210104701,50.57434860290834,18.22152317880795,11.051160714285714
2024-09-23 11,21.83152756406855,0.200710210104701,50.57434860290834,18.22152317880795,11.051160714285714
2024-09-23 12,21.83152756406855,0.200710210104701,50.57434860290834,18.22152317880795,11.051160714285714
2024-09-23 13,21.83152756406855,0.200710210104701,50.57434860290834,18.22152317880795,11.051160714285714
2024-09-23 14,21.83152756406855,0.200710210104701,50.57434860290834,18.22152317880795,11.051160714285714
2024-09-23 15,21.83152756406855,0.200710210104701,50.57434860290834,18.22152317880795,11.051160714285714
2024-09-23 16,21.83152756406855,0.200710210104701,50.57434860290834,18.22152317880795,11.051160714285714
2024-09-23 17,21.83152756406855,0.200710210104701,50.57434860290834,18.22152317880795,11.051160714285714
2024-09-23 18,21.83152756406855,0.200710210104701,50.57434860290834,18.22152317880795,11.051160714285714
2024-09-23 19,21.83152756406855,0.200710210104701,50.57434860290834,18.22152317880795,11.051160714285714
2024-09-23 20,21.83152756406855,0.200710210104701,50.57434860290834,18.22152317880795,11.051160714285714
2024-09-23 21,21.83152756406855,0.200710210104701,50.57434860290834,18.22152317880795,11.051160714285714
2024-09-23 22,21.83152756406855,0.200710210104701,50.57434860290834,18.22152317880795,11.051160714285714
2024-09-23 23,21.83152756406855,0.200710210104701,50.57434860290834,18.22152317880795,11.051160714285714
2024-09-24 00,21.83152756406855,0.200710210104701,50.57434860290834,18.22152317880795,11.051160714285714
2024-09-24 01,21.83152756406855,0.200710210104701,50.57434860290834,18.22152317880795,11.051160714285714
2024-09-24 02,21.83152756406855,0.200710210104701,50.57434860290834,18.22152317880795,11.051160714285714
2024-09-24 03,21.83152756406855,0.200710210104701,50.57434860290834,18.22152317880795,11.051160714285714
2024-09-24 04,21.83152756406855,0.200710210104701,50.57434860290834,18.22152317880795,11.051160714285714
2024-09-24 05,21.83152756406855,0.200710210104701,50.57434860290834,18.22152317880795,11.051160714285714
2024-09-24 06,21.83152756406855,0.200710210104701,50.57434860290834,18.22152317880795,11.051160714285714
2024-09-24 07,21.83152756406855,0.200710210104701,50.57434860290834,18.22152317880795,11.051160714285714
2024-09-24 08,21.83152756406855,0.200710210104701,50.57434860290834,18.22152317880795,11.051160714285714
2024-09-24 09,21.83152756406855,0.200710210104701,50.57434860290834,18.22152317880795,11.051160714285714
2024-09-24 10,21.83152756406855,0.200710210104701,50.57434860290834,18.22152317880795,11.051160714285714
2024-09-24 11,21.83152756406855,0.200710210104701,50.57434860290834,18.22152317880795,11.051160714285714
2024-09-24 12,21.83152756406855,0.200710210104701,50.57434860290834,18.22152317880795,11.051160714285714
2024-09-24 13,21.83152756406855,0.200710210104701,50.57434860290834,18.22152317880795,11.051160714285714
2024-09-24 14,21.83152756406855,0.200710210104701,50.57434860290834,18.22152317880795,11.051160714285714
2024-09-24 15,21.83152756406855,0.200710210104701,50.57434860290834,18.22152317880795,11.051160714285714
2024-09-24 16,21.83152756406855,0.200710210104701,50.57434860290834,18.22152317880795,11.051160714285714
2024-09-24 17,21.83152756406855,0.200710210104701,50.57434860290834,18.22152317880795,11.051160714285714
2024-09-24 18,21.83152756406855,0.200710210104701,50.57434860290834,18.22152317880795,11.051160714285714
2024-09-24 19,21.83152756406855,0.200710210104701,50.57434860290834,18.22152317880795,11.051160714285714
2024-09-24 20,21.83152756406855,0.200710210104701,50.57434860290834,18.22152317880795,11.051160714285714
2024-09-24 21,21.83152756406855,0.200710210104701,50.57434860290834,18.22152317880795,11.051160714285714
2024-09-24 22,21.83152756406855,0.200710210104701,50.57434860290834,18.22152317880795,11.051160714285714
